{
  "timestamp": "2025-11-10T20:05:36.975437",
  "metrics": {
    "avg_time_ms": 937.4617576599121,
    "p50_ms": 769.4770097732544,
    "p95_ms": 2831.026792526245,
    "p99_ms": 2831.026792526245,
    "min_ms": 373.5380172729492,
    "max_ms": 2831.026792526245,
    "avg_reads": 12,
    "total_iterations": 10,
    "all_times": [
      2831.026792526245,
      382.97319412231445,
      1168.5919761657715,
      373.5380172729492,
      1138.0541324615479,
      407.8848361968994,
      1121.7918395996094,
      411.8027687072754,
      1099.311113357544,
      439.64290618896484
    ]
  }
}