{
  "timestamp": "2025-11-10T20:40:02.062720",
  "metrics": {
    "avg_time_ms": 646.3289380073547,
    "p50_ms": 590.2390480041504,
    "p95_ms": 1195.9729194641113,
    "p99_ms": 1195.9729194641113,
    "min_ms": 381.04701042175293,
    "max_ms": 1195.9729194641113,
    "stddev_ms": 281.23801374932157,
    "avg_reads": 50,
    "total_iterations": 20,
    "all_times": [
      594.6881771087646,
      1195.9729194641113,
      654.8442840576172,
      1147.4297046661377,
      673.2630729675293,
      1136.413335800171,
      670.233964920044,
      1128.920078277588,
      647.4177837371826,
      394.8180675506592,
      396.45886421203613,
      416.00632667541504,
      382.9607963562012,
      614.7482395172119,
      382.19475746154785,
      570.2340602874756,
      386.7311477661133,
      585.7899188995361,
      381.04701042175293,
      566.40625
    ]
  },
  "pattern_analysis": {
    "alternating_pattern": true,
    "odd_avg_ms": 516.9839859008789,
    "even_avg_ms": 775.6738901138306,
    "consistent": false,
    "stddev_ms": 281.23801374932157,
    "outliers_count": 1,
    "outliers_pct": 5.0
  }
}