{
  "timestamp": "2025-11-10T20:25:09.523051",
  "metrics": {
    "avg_time_ms": 932.7414035797119,
    "p50_ms": 778.7590026855469,
    "p95_ms": 2857.4650287628174,
    "p99_ms": 2857.4650287628174,
    "min_ms": 323.78506660461426,
    "max_ms": 2857.4650287628174,
    "avg_reads": 12,
    "total_iterations": 10,
    "all_times": [
      2857.4650287628174,
      323.78506660461426,
      1197.2050666809082,
      325.1500129699707,
      1198.2049942016602,
      348.01578521728516,
      1180.1719665527344,
      385.1470947265625,
      1172.3709106445312,
      339.89810943603516
    ]
  }
}