{
  "timestamp": "2025-11-10T20:07:16.392331",
  "metrics": {
    "avg_time_ms": 928.1309127807617,
    "p50_ms": 779.3948650360107,
    "p95_ms": 2822.4239349365234,
    "p99_ms": 2822.4239349365234,
    "min_ms": 294.5091724395752,
    "max_ms": 2822.4239349365234,
    "avg_reads": 12,
    "total_iterations": 10,
    "all_times": [
      2822.4239349365234,
      304.16011810302734,
      1228.788137435913,
      334.2430591583252,
      1212.0320796966553,
      294.5091724395752,
      1190.889835357666,
      316.04886054992676,
      1210.3140354156494,
      367.89989471435547
    ]
  }
}